<?xml version="1.0" encoding="UTF-8"?>
<project-private xmlns="http://www.netbeans.org/ns/project-private/1">
    <editor-bookmarks xmlns="http://www.netbeans.org/ns/editor-bookmarks/2" lastBookmarkId="0"/>
    <open-files xmlns="http://www.netbeans.org/ns/projectui-open-files/2">
        <group>
            <file>file:/C:/Users/hamme/OneDrive/Escritorio/proyecto%20final%20ecommerce/javaproyect/javaDecopino/src/vista/vstMenu.java</file>
            <file>file:/C:/Users/hamme/OneDrive/Escritorio/proyecto%20final%20ecommerce/javaproyect/javaDecopino/src/controlador/CtrRol.java</file>
            <file>file:/C:/Users/hamme/OneDrive/Escritorio/proyecto%20final%20ecommerce/javaproyect/javaDecopino/src/conexion/Configuracion.java</file>
            <file>file:/C:/Users/hamme/OneDrive/Escritorio/proyecto%20final%20ecommerce/javaproyect/javaDecopino/src/conexion/Conexion.java</file>
            <file>file:/C:/Users/hamme/OneDrive/Escritorio/proyecto%20final%20ecommerce/javaproyect/javaDecopino/src/vista/Usuario/vstAgregarEditarUsuario.java</file>
        </group>
    </open-files>
</project-private>
